Delta,Time,CPU_FREQUENCY_0,CPU_FREQUENCY_1,CPU_FREQUENCY_10,CPU_FREQUENCY_11,CPU_FREQUENCY_12,CPU_FREQUENCY_13,CPU_FREQUENCY_14,CPU_FREQUENCY_15,CPU_FREQUENCY_2,CPU_FREQUENCY_3,CPU_FREQUENCY_4,CPU_FREQUENCY_5,CPU_FREQUENCY_6,CPU_FREQUENCY_7,CPU_FREQUENCY_8,CPU_FREQUENCY_9,CPU_USAGE_0,CPU_USAGE_1,CPU_USAGE_10,CPU_USAGE_11,CPU_USAGE_12,CPU_USAGE_13,CPU_USAGE_14,CPU_USAGE_15,CPU_USAGE_2,CPU_USAGE_3,CPU_USAGE_4,CPU_USAGE_5,CPU_USAGE_6,CPU_USAGE_7,CPU_USAGE_8,CPU_USAGE_9,DRAM_ENERGY (J),PACKAGE_ENERGY (J),PP0_ENERGY (J),TOTAL_MEMORY,TOTAL_SWAP,USED_MEMORY,USED_SWAP
0,1791555962285,2500,2499,2500,2500,2499,2499,2500,2499,2499,2499,2500,2500,2499,2499,2500,2501,4.1666669845581055,0,0,0,4,0,4.1666669845581055,8.333333969116211,0,0,4.1666669845581055,4.1666669845581055,4.1666669845581055,0,0,4.34782600402832,70401.8851928711,190908.66632080078,0,404327403520,8589930496,5152288768,114688
10,1791555962285,2500,2499,2500,2500,2499,2499,2500,2499,2499,2499,2500,2500,2499,2499,2500,2501,4.1666669845581055,0,0,0,4,0,4.1666669845581055,8.333333969116211,0,0,4.1666669845581055,4.1666669845581055,4.1666669845581055,0,0,4.34782600402832,70401.8851928711,190908.66632080078,0,404327403520,8589930496,5152288768,114688
9,1791555962295,2500,2499,2500,2500,2499,2499,2500,2499,2499,2499,2500,2500,2499,2499,2500,2501,4.1666669845581055,0,0,0,4,0,4.1666669845581055,8.333333969116211,0,0,4.1666669845581055,4.1666669845581055,4.1666669845581055,0,0,4.34782600402832,70402.04705810547,190909.07934570313,0,404327403520,8589930496,5155758080,114688
9,1791555962305,2500,2499,2500,2500,2499,2499,2500,2499,2499,2499,2500,2500,2499,2499,2500,2501,4.1666669845581055,0,0,0,4,0,4.1666669845581055,8.333333969116211,0,0,4.1666669845581055,4.1666669845581055,4.1666669845581055,0,0,4.34782600402832,70402.19848632813,190909.45483398438,0,404327403520,8589930496,5155758080,114688
10,1791555962315,2500,2499,2500,2500,2499,2499,2500,2499,2499,2499,2500,2500,2499,2499,2500,2501,4.1666669845581055,0,0,0,4,0,4.1666669845581055,8.333333969116211,0,0,4.1666669845581055,4.1666669845581055,4.1666669845581055,0,0,4.34782600402832,70402.3550415039,190909.82940673828,0,404327403520,8589930496,5157740544,114688
9,1791555962325,2500,2499,2500,2500,2499,2499,2500,2499,2499,2499,2500,2500,2499,2499,2500,2501,4.1666669845581055,0,0,0,4,0,4.1666669845581055,8.333333969116211,0,0,4.1666669845581055,4.1666669845581055,4.1666669845581055,0,0,4.34782600402832,70402.50463867188,190910.20538330078,0,404327403520,8589930496,5157740544,114688
9,1791555962335,2500,2499,2500,2500,2499,2499,2500,2499,2499,2499,2500,2500,2499,2499,2500,2501,4.1666669845581055,0,0,0,4,0,4.1666669845581055,8.333333969116211,0,0,4.1666669845581055,4.1666669845581055,4.1666669845581055,0,0,4.34782600402832,70402.6547241211,190910.57690429688,0,404327403520,8589930496,5159723008,114688
9,1791555962345,2500,2499,2500,2500,2499,2499,2500,2499,2499,2499,2500,2500,2499,2499,2500,2501,4.1666669845581055,0,0,0,4,0,4.1666669845581055,8.333333969116211,0,0,4.1666669845581055,4.1666669845581055,4.1666669845581055,0,0,4.34782600402832,70402.80615234375,190910.89630126953,0,404327403520,8589930496,5159723008,114688
10,1791555962356,2500,2499,2500,2500,2499,2499,2500,2499,2499,2499,2500,2500,2499,2499,2500,2501,4.1666669845581055,0,0,0,4,0,4.1666669845581055,8.333333969116211,0,0,4.1666669845581055,4.1666669845581055,4.1666669845581055,0,0,4.34782600402832,70402.95587158203,190911.21057128906,0,404327403520,8589930496,5159723008,114688
9,1791555962366,2500,2499,2500,2500,2499,2499,2500,2499,2499,2499,2500,2500,2499,2499,2500,2501,4.1666669845581055,0,0,0,4,0,4.1666669845581055,8.333333969116211,0,0,4.1666669845581055,4.1666669845581055,4.1666669845581055,0,0,4.34782600402832,70403.11169433594,190911.54760742188,0,404327403520,8589930496,5159723008,114688
10,1791555962376,2500,2499,2500,2500,2499,2499,2500,2499,2499,2499,2500,2500,2499,2499,2500,2501,4.1666669845581055,0,0,0,4,0,4.1666669845581055,8.333333969116211,0,0,4.1666669845581055,4.1666669845581055,4.1666669845581055,0,0,4.34782600402832,70403.27130126953,190911.92108154297,0,404327403520,8589930496,5159723008,114688
9,1791555962386,2500,2499,2500,2500,2499,2499,2500,2499,2499,2499,2500,2500,2499,2499,2500,2501,4.1666669845581055,0,0,0,4,0,4.1666669845581055,8.333333969116211,0,0,4.1666669845581055,4.1666669845581055,4.1666669845581055,0,0,4.34782600402832,70403.42858886719,190912.29864501953,0,404327403520,8589930496,5159723008,114688
9,1791555962396,2500,2499,2500,2500,2499,2499,2500,2499,2499,2499,2500,2500,2499,2499,2500,2501,4.1666669845581055,0,0,0,4,0,4.1666669845581055,8.333333969116211,0,0,4.1666669845581055,4.1666669845581055,4.1666669845581055,0,0,4.34782600402832,70403.58276367188,190912.67303466797,0,404327403520,8589930496,5159723008,114688
9,1791555962406,2500,2499,2500,2500,2499,2499,2500,2499,2499,2499,2500,2500,2499,2499,2500,2501,4.1666669845581055,0,0,0,4,0,4.1666669845581055,8.333333969116211,0,0,4.1666669845581055,4.1666669845581055,4.1666669845581055,0,0,4.34782600402832,70403.73126220703,190913.04766845703,0,404327403520,8589930496,5159723008,114688
9,1791555962416,2500,2499,2500,2500,2499,2499,2500,2499,2499,2499,2500,2500,2499,2499,2500,2501,4.1666669845581055,0,0,0,4,0,4.1666669845581055,8.333333969116211,0,0,4.1666669845581055,4.1666669845581055,4.1666669845581055,0,0,4.34782600402832,70403.88543701172,190913.42376708984,0,404327403520,8589930496,5159723008,114688
9,1791555962426,2500,2499,2500,2500,2499,2499,2500,2499,2499,2499,2500,2500,2499,2499,2500,2501,4.1666669845581055,0,0,0,4,0,4.1666669845581055,8.333333969116211,0,0,4.1666669845581055,4.1666669845581055,4.1666669845581055,0,0,4.34782600402832,70404.05407714844,190913.83642578125,0,404327403520,8589930496,5159723008,114688
9,1791555962436,2500,2499,2500,2500,2499,2499,2500,2499,2499,2499,2500,2500,2499,2499,2500,2501,4.1666669845581055,0,0,0,4,0,4.1666669845581055,8.333333969116211,0,0,4.1666669845581055,4.1666669845581055,4.1666669845581055,0,0,4.34782600402832,70404.18719482422,190914.17181396484,0,404327403520,8589930496,5159723008,114688
9,1791555962446,2500,2499,2500,2500,2499,2499,2500,2499,2499,2499,2500,2500,2499,2499,2500,2501,4.1666669845581055,0,0,0,4,0,4.1666669845581055,8.333333969116211,0,0,4.1666669845581055,4.1666669845581055,4.1666669845581055,0,0,4.34782600402832,70404.33697509766,190914.5477294922,0,404327403520,8589930496,5159723008,114688
9,1791555962456,2500,2499,2500,2500,2499,2499,2500,2499,2499,2499,2500,2500,2499,2499,2500,2501,4.1666669845581055,0,0,0,4,0,4.1666669845581055,8.333333969116211,0,0,4.1666669845581055,4.1666669845581055,4.1666669845581055,0,0,4.34782600402832,70404.50634765625,190914.9614868164,0,404327403520,8589930496,5159723008,114688
9,1791555962466,2500,2499,2500,2500,2499,2499,2500,2499,2499,2499,2500,2500,2499,2499,2500,2501,4.1666669845581055,0,0,0,4,0,4.1666669845581055,8.333333969116211,0,0,4.1666669845581055,4.1666669845581055,4.1666669845581055,0,0,4.34782600402832,70404.65924072266,190915.33630371094,0,404327403520,8589930496,5159723008,114688
9,1791555962477,2500,2499,2500,2500,2499,2499,2500,2499,2499,2499,2500,2500,2499,2499,2500,2501,4.1666669845581055,0,0,0,4,0,4.1666669845581055,8.333333969116211,0,0,4.1666669845581055,4.1666669845581055,4.1666669845581055,0,0,4.34782600402832,70404.8154296875,190915.71258544922,0,404327403520,8589930496,5159723008,114688
10,1791555962486,2500,2499,2500,2500,2499,2499,2500,2499,2499,2499,2500,2500,2499,2499,2500,2501,25,0,5,15.789472579956055,0,0,0,5.263157844543457,0,0,0,0,0,65,0,0,70404.97247314453,190916.0870361328,0,404327403520,8589930496,5159723008,114688
10,1791555962497,2500,2499,2500,2500,2499,2499,2500,2499,2499,2499,2500,2500,2499,2499,2500,2501,25,0,5,15.789472579956055,0,0,0,5.263157844543457,0,0,0,0,0,65,0,0,70405.12768554688,190916.46447753906,0,404327403520,8589930496,5159723008,114688
9,1791555962507,2500,2499,2500,2500,2499,2499,2500,2499,2499,2499,2500,2500,2499,2499,2500,2501,25,0,5,15.789472579956055,0,0,0,5.263157844543457,0,0,0,0,0,65,0,0,70405.27746582031,190916.83905029297,0,404327403520,8589930496,5159723008,114688
9,1791555962517,2500,2499,2500,2500,2499,2499,2500,2499,2499,2499,2500,2500,2499,2499,2500,2501,25,0,5,15.789472579956055,0,0,0,5.263157844543457,0,0,0,0,0,65,0,0,70405.43322753906,190917.2130126953,0,404327403520,8589930496,5159723008,114688
9,1791555962527,2500,2499,2500,2500,2499,2499,2500,2499,2499,2499,2500,2500,2499,2499,2500,2501,25,0,5,15.789472579956055,0,0,0,5.263157844543457,0,0,0,0,0,65,0,0,70405.58172607422,190917.58953857422,0,404327403520,8589930496,5159723008,114688
9,1791555962537,2500,2499,2500,2500,2499,2499,2500,2499,2499,2499,2500,2500,2499,2499,2500,2501,25,0,5,15.789472579956055,0,0,0,5.263157844543457,0,0,0,0,0,65,0,0,70405.73815917969,190917.96612548828,0,404327403520,8589930496,5159723008,114688
9,1791555962547,2500,2499,2500,2500,2499,2499,2500,2499,2499,2499,2500,2500,2499,2499,2500,2501,25,0,5,15.789472579956055,0,0,0,5.263157844543457,0,0,0,0,0,65,0,0,70405.88995361328,190918.34313964844,0,404327403520,8589930496,5159723008,114688
10,1791555962557,2500,2499,2500,2500,2499,2499,2500,2499,2499,2499,2500,2500,2499,2499,2500,2501,25,0,5,15.789472579956055,0,0,0,5.263157844543457,0,0,0,0,0,65,0,0,70406.04321289063,190918.71997070313,0,404327403520,8589930496,5159723008,114688
10,1791555962567,2500,2499,2500,2500,2499,2499,2500,2499,2499,2499,2500,2500,2499,2499,2500,2501,25,0,5,15.789472579956055,0,0,0,5.263157844543457,0,0,0,0,0,65,0,0,70406.19665527344,190919.09649658203,0,404327403520,8589930496,5159723008,114688
9,1791555962577,2500,2499,2500,2500,2499,2499,2500,2499,2499,2499,2500,2500,2499,2499,2500,2501,25,0,5,15.789472579956055,0,0,0,5.263157844543457,0,0,0,0,0,65,0,0,70406.35571289063,190919.47790527344,0,404327403520,8589930496,5159723008,114688
9,1791555962587,2500,2499,2500,2500,2499,2499,2500,2499,2499,2499,2500,2500,2499,2499,2500,2501,25,0,5,15.789472579956055,0,0,0,5.263157844543457,0,0,0,0,0,65,0,0,70406.52978515625,190919.89282226563,0,404327403520,8589930496,5159723008,114688
9,1791555962597,2500,2499,2500,2500,2499,2499,2500,2499,2499,2499,2500,2500,2499,2499,2500,2501,25,0,5,15.789472579956055,0,0,0,5.263157844543457,0,0,0,0,0,65,0,0,70406.68603515625,190920.2699584961,0,404327403520,8589930496,5159723008,114688
9,1791555962607,2500,2499,2500,2500,2499,2499,2500,2499,2499,2499,2500,2500,2499,2499,2500,2501,25,0,5,15.789472579956055,0,0,0,5.263157844543457,0,0,0,0,0,65,0,0,70406.84100341797,190920.64892578125,0,404327403520,8589930496,5159723008,114688
10,1791555962617,2500,2499,2500,2500,2499,2499,2500,2499,2499,2499,2500,2500,2499,2499,2500,2501,25,0,5,15.789472579956055,0,0,0,5.263157844543457,0,0,0,0,0,65,0,0,70406.99444580078,190921.02435302734,0,404327403520,8589930496,5159227392,114688
9,1791555962628,2500,2499,2500,2500,2499,2499,2500,2499,2499,2499,2500,2500,2499,2499,2500,2501,25,0,5,15.789472579956055,0,0,0,5.263157844543457,0,0,0,0,0,65,0,0,70407.15063476563,190921.3983154297,0,404327403520,8589930496,5158719488,114688
9,1791555962638,2500,2499,2500,2500,2499,2499,2500,2499,2499,2499,2500,2500,2499,2499,2500,2501,25,0,5,15.789472579956055,0,0,0,5.263157844543457,0,0,0,0,0,65,0,0,70407.30340576172,190921.73846435547,0,404327403520,8589930496,5158719488,114688
9,1791555962648,2500,2499,2500,2500,2499,2499,2500,2499,2499,2499,2500,2500,2499,2499,2500,2501,25,0,5,15.789472579956055,0,0,0,5.263157844543457,0,0,0,0,0,65,0,0,70407.46435546875,190922.12377929688,0,404327403520,8589930496,5175570432,114688
9,1791555962658,2500,2499,2500,2500,2499,2499,2500,2499,2499,2499,2500,2500,2499,2499,2500,2501,25,0,5,15.789472579956055,0,0,0,5.263157844543457,0,0,0,0,0,65,0,0,70407.6318359375,190922.4984741211,0,404327403520,8589930496,5183500288,114688
9,1791555962668,2500,2499,2500,2500,2499,2499,2500,2499,2499,2499,2500,2500,2499,2499,2500,2501,25,0,5,15.789472579956055,0,0,0,5.263157844543457,0,0,0,0,0,65,0,0,70407.79852294922,190922.87188720703,0,404327403520,8589930496,5199855616,114688
9,1791555962678,2500,2499,2500,2500,2499,2499,2500,2499,2499,2499,2500,2500,2499,2499,2500,2501,25,0,5,15.789472579956055,0,0,0,5.263157844543457,0,0,0,0,0,65,0,0,70407.96240234375,190923.24798583984,0,404327403520,8589930496,5208281088,114688
10,1791555962688,2500,2499,2500,2500,2499,2499,2500,2499,2499,2499,2500,2500,2499,2499,2500,2501,26.3157901763916,0,0,0,0,0,0,10,0,0,0,0,0,70,0,0,70408.1323852539,190923.6185913086,0,404327403520,8589930496,5224636416,114688
9,1791555962698,2500,2499,2500,2500,2499,2499,2500,2499,2499,2499,2500,2500,2499,2499,2500,2501,26.3157901763916,0,0,0,0,0,0,10,0,0,0,0,0,70,0,0,70408.29425048828,190924.00128173828,0,404327403520,8589930496,5240991744,114688
9,1791555962708,2500,2499,2500,2500,2499,2499,2500,2499,2499,2499,2500,2500,2499,2499,2500,2501,26.3157901763916,0,0,0,0,0,0,10,0,0,0,0,0,70,0,0,70408.4599609375,190924.3814086914,0,404327403520,8589930496,5249417216,114688
10,1791555962718,2500,2499,2500,2500,2499,2499,2500,2499,2499,2499,2500,2500,2499,2499,2500,2501,26.3157901763916,0,0,0,0,0,0,10,0,0,0,0,0,70,0,0,70408.61840820313,190924.7569580078,0,404327403520,8589930496,5266268160,114688
10,1791555962728,2500,2499,2500,2500,2499,2499,2500,2499,2499,2499,2500,2500,2499,2499,2500,2501,26.3157901763916,0,0,0,0,0,0,10,0,0,0,0,0,70,0,0,70408.77954101563,190925.1300048828,0,404327403520,8589930496,5274198016,114688
9,1791555962738,2500,2499,2500,2500,2499,2499,2500,2499,2499,2499,2500,2500,2499,2499,2500,2501,26.3157901763916,0,0,0,0,0,0,10,0,0,0,0,0,70,0,0,70408.94952392578,190925.50354003906,0,404327403520,8589930496,5291048960,114688
9,1791555962748,2500,2499,2500,2500,2499,2499,2500,2499,2499,2499,2500,2500,2499,2499,2500,2501,26.3157901763916,0,0,0,0,0,0,10,0,0,0,0,0,70,0,0,70409.11248779297,190925.88024902344,0,404327403520,8589930496,5298978816,114688
9,1791555962759,2500,2499,2500,2500,2499,2499,2500,2499,2499,2499,2500,2500,2499,2499,2500,2501,26.3157901763916,0,0,0,0,0,0,10,0,0,0,0,0,70,0,0,70409.28039550781,190926.25701904297,0,404327403520,8589930496,5315829760,114688
9,1791555962769,2500,2499,2500,2500,2499,2499,2500,2499,2499,2499,2500,2500,2499,2499,2500,2501,26.3157901763916,0,0,0,0,0,0,10,0,0,0,0,0,70,0,0,70409.44207763672,190926.63116455078,0,404327403520,8589930496,5332185088,114688
10,1791555962779,2500,2499,2500,2500,2499,2499,2500,2499,2499,2499,2500,2500,2499,2499,2500,2501,26.3157901763916,0,0,0,0,0,0,10,0,0,0,0,0,70,0,0,70409.60858154297,190927.00512695313,0,404327403520,8589930496,5340610560,114688
9,1791555962789,2500,2499,2500,2500,2499,2499,2500,2499,2499,2499,2500,2500,2499,2499,2500,2501,26.3157901763916,0,0,0,0,0,0,10,0,0,0,0,0,70,0,0,70409.78601074219,190927.41827392578,0,404327403520,8589930496,5356965888,114688
9,1791555962799,2500,2499,2500,2500,2499,2499,2500,2499,2499,2499,2500,2500,2499,2499,2500,2501,26.3157901763916,0,0,0,0,0,0,10,0,0,0,0,0,70,0,0,70409.95196533203,190927.79278564453,0,404327403520,8589930496,5373321216,114688
9,1791555962809,2500,2499,2500,2500,2499,2499,2500,2499,2499,2499,2500,2500,2499,2499,2500,2501,26.3157901763916,0,0,0,0,0,0,10,0,0,0,0,0,70,0,0,70410.11987304688,190928.17205810547,0,404327403520,8589930496,5381746688,114688
9,1791555962819,2500,2499,2500,2500,2499,2499,2500,2499,2499,2499,2500,2500,2499,2499,2500,2501,26.3157901763916,0,0,0,0,0,0,10,0,0,0,0,0,70,0,0,70410.28485107422,190928.5484008789,0,404327403520,8589930496,5398102016,114688
9,1791555962829,2500,2499,2500,2500,2499,2499,2500,2499,2499,2499,2500,2500,2499,2499,2500,2501,26.3157901763916,0,0,0,0,0,0,10,0,0,0,0,0,70,0,0,70410.44915771484,190928.9266357422,0,404327403520,8589930496,5414952960,114688
9,1791555962839,2500,2499,2500,2500,2499,2499,2500,2499,2499,2499,2500,2500,2499,2499,2500,2501,26.3157901763916,0,0,0,0,0,0,10,0,0,0,0,0,70,0,0,70410.61712646484,190929.30084228516,0,404327403520,8589930496,5422882816,114688
9,1791555962849,2500,2499,2500,2500,2499,2499,2500,2499,2499,2499,2500,2500,2499,2499,2500,2501,26.3157901763916,0,0,0,0,0,0,10,0,0,0,0,0,70,0,0,70410.78485107422,190929.67803955078,0,404327403520,8589930496,5439733760,114688
9,1791555962859,2500,2499,2500,2500,2499,2499,2500,2499,2499,2499,2500,2500,2499,2499,2500,2501,26.3157901763916,0,0,0,0,0,0,10,0,0,0,0,0,70,0,0,70410.95404052734,190930.056640625,0,404327403520,8589930496,5456089088,114688
9,1791555962869,2500,2499,2500,2500,2499,2499,2500,2499,2499,2499,2500,2500,2499,2499,2500,2501,26.3157901763916,0,0,0,0,0,0,10,0,0,0,0,0,70,0,0,70411.123046875,190930.4312133789,0,404327403520,8589930496,5464514560,114688
10,1791555962879,2500,2499,2500,2500,2499,2499,2500,2499,2499,2499,2500,2500,2499,2499,2500,2501,26.3157901763916,0,0,0,0,0,0,10,0,0,0,0,0,70,0,0,70411.28619384766,190930.8067626953,0,404327403520,8589930496,5480869888,114688
9,1791555962889,2500,2499,2500,2500,2499,2499,2500,2499,2499,2499,2500,2500,2499,2499,2500,2501,100,0,5.263157844543457,0,0,0,0,5.555555820465088,0,0,0,0,0,0,9.523809432983398,0,70411.45281982422,190931.18395996094,0,404327403520,8589930496,5497225216,114688
9,1791555962899,2500,2499,2500,2500,2499,2499,2500,2499,2499,2499,2500,2500,2499,2499,2500,2501,100,0,5.263157844543457,0,0,0,0,5.555555820465088,0,0,0,0,0,0,9.523809432983398,0,70411.61706542969,190931.56103515625,0,404327403520,8589930496,5505650688,114688
10,1791555962909,2500,2499,2500,2500,2499,2499,2500,2499,2499,2499,2500,2500,2499,2499,2500,2501,100,0,5.263157844543457,0,0,0,0,5.555555820465088,0,0,0,0,0,0,9.523809432983398,0,70411.78234863281,190931.93463134766,0,404327403520,8589930496,5522006016,114688
9,1791555962920,2500,2499,2500,2500,2499,2499,2500,2499,2499,2499,2500,2500,2499,2499,2500,2501,100,0,5.263157844543457,0,0,0,0,5.555555820465088,0,0,0,0,0,0,9.523809432983398,0,70411.96179199219,190932.3504638672,0,404327403520,8589930496,5538856960,114688
9,1791555962930,2500,2499,2500,2500,2499,2499,2500,2499,2499,2499,2500,2500,2499,2499,2500,2501,100,0,5.263157844543457,0,0,0,0,5.555555820465088,0,0,0,0,0,0,9.523809432983398,0,70412.12890625,190932.72576904297,0,404327403520,8589930496,5546786816,114688
9,1791555962940,2500,2499,2500,2500,2499,2499,2500,2499,2499,2499,2500,2500,2499,2499,2500,2501,100,0,5.263157844543457,0,0,0,0,5.555555820465088,0,0,0,0,0,0,9.523809432983398,0,70412.29516601563,190933.1039428711,0,404327403520,8589930496,5563637760,114688
9,1791555962950,2500,2499,2500,2500,2499,2499,2500,2499,2499,2499,2500,2500,2499,2499,2500,2501,100,0,5.263157844543457,0,0,0,0,5.555555820465088,0,0,0,0,0,0,9.523809432983398,0,70412.46087646484,190933.47998046875,0,404327403520,8589930496,5579993088,114688
9,1791555962960,2500,2499,2500,2500,2499,2499,2500,2499,2499,2499,2500,2500,2499,2499,2500,2501,100,0,5.263157844543457,0,0,0,0,5.555555820465088,0,0,0,0,0,0,9.523809432983398,0,70412.63836669922,190933.8681640625,0,404327403520,8589930496,5588418560,114688
9,1791555962970,2500,2499,2500,2500,2499,2499,2500,2499,2499,2499,2500,2500,2499,2499,2500,2501,100,0,5.263157844543457,0,0,0,0,5.555555820465088,0,0,0,0,0,0,9.523809432983398,0,70412.81860351563,190934.25311279297,0,404327403520,8589930496,5596348416,114688
9,1791555962980,2500,2499,2500,2500,2499,2499,2500,2499,2499,2499,2500,2500,2499,2499,2500,2501,100,0,5.263157844543457,0,0,0,0,5.555555820465088,0,0,0,0,0,0,9.523809432983398,0,70412.99810791016,190934.6407470703,0,404327403520,8589930496,5612703744,114688
9,1791555962990,2500,2499,2500,2500,2499,2499,2500,2499,2499,2499,2500,2500,2499,2499,2500,2501,100,0,5.263157844543457,0,0,0,0,5.555555820465088,0,0,0,0,0,0,9.523809432983398,0,70413.18054199219,190935.029296875,0,404327403520,8589930496,5621129216,114688
10,1791555963000,2500,2499,2500,2500,2499,2499,2500,2499,2499,2499,2500,2500,2499,2499,2500,2501,100,0,5.263157844543457,0,0,0,0,5.555555820465088,0,0,0,0,0,0,9.523809432983398,0,70413.3603515625,190935.41510009766,0,404327403520,8589930496,5629554688,114688
9,1791555963010,2500,2499,2500,2500,2499,2499,2500,2499,2499,2499,2500,2500,2499,2499,2500,2501,100,0,5.263157844543457,0,0,0,0,5.555555820465088,0,0,0,0,0,0,9.523809432983398,0,70413.54150390625,190935.80548095703,0,404327403520,8589930496,5637484544,114688
10,1791555963020,2500,2499,2500,2500,2499,2499,2500,2499,2499,2499,2500,2500,2499,2499,2500,2501,100,0,5.263157844543457,0,0,0,0,5.555555820465088,0,0,0,0,0,0,9.523809432983398,0,70413.71691894531,190936.19177246094,0,404327403520,8589930496,5654335488,114688
10,1791555963030,2500,2499,2500,2500,2499,2499,2500,2499,2499,2499,2500,2500,2499,2499,2500,2501,100,0,5.263157844543457,0,0,0,0,5.555555820465088,0,0,0,0,0,0,9.523809432983398,0,70413.90020751953,190936.5772705078,0,404327403520,8589930496,5662265344,114688
9,1791555963040,2500,2499,2500,2500,2499,2499,2500,2499,2499,2499,2500,2500,2499,2499,2500,2501,100,0,5.263157844543457,0,0,0,0,5.555555820465088,0,0,0,0,0,0,9.523809432983398,0,70414.08020019531,190936.96466064453,0,404327403520,8589930496,5670690816,114688
10,1791555963050,2500,2499,2500,2500,2499,2499,2500,2499,2499,2499,2500,2500,2499,2499,2500,2501,100,0,5.263157844543457,0,0,0,0,5.555555820465088,0,0,0,0,0,0,9.523809432983398,0,70414.26428222656,190937.35064697266,0,404327403520,8589930496,5679116288,114688
9,1791555963061,2500,2499,2500,2500,2499,2499,2500,2499,2499,2499,2500,2500,2499,2499,2500,2501,100,0,5.263157844543457,0,0,0,0,5.555555820465088,0,0,0,0,0,0,9.523809432983398,0,70414.4462890625,190937.73510742188,0,404327403520,8589930496,5695471616,114688
9,1791555963071,2500,2499,2500,2500,2499,2499,2500,2499,2499,2499,2500,2500,2499,2499,2500,2501,100,0,5.263157844543457,0,0,0,0,5.555555820465088,0,0,0,0,0,0,9.523809432983398,0,70414.63006591797,190938.1196899414,0,404327403520,8589930496,5703897088,114688
9,1791555963081,2500,2499,2500,2500,2499,2499,2500,2499,2499,2499,2500,2500,2499,2499,2500,2501,100,0,5.263157844543457,0,0,0,0,5.555555820465088,0,0,0,0,0,0,9.523809432983398,0,70414.8080444336,190938.5089111328,0,404327403520,8589930496,5711826944,114688
10,1791555963091,2500,2499,2500,2500,2499,2499,2500,2499,2499,2499,2500,2500,2499,2499,2500,2501,100,5,0,0,0,0,0,10,0,0,0,0,0,0,0,0,70414.99011230469,190938.89434814453,0,404327403520,8589930496,5728677888,114688
9,1791555963101,2500,2499,2500,2500,2499,2499,2500,2499,2499,2499,2500,2500,2499,2499,2500,2501,100,5,0,0,0,0,0,10,0,0,0,0,0,0,0,0,70415.18798828125,190939.31958007813,0,404327403520,8589930496,5736607744,114688
9,1791555963111,2500,2499,2500,2500,2499,2499,2500,2499,2499,2499,2500,2500,2499,2499,2500,2501,100,5,0,0,0,0,0,10,0,0,0,0,0,0,0,0,70415.36669921875,190939.70379638672,0,404327403520,8589930496,5745033216,114688
9,1791555963121,2500,2499,2500,2500,2499,2499,2500,2499,2499,2499,2500,2500,2499,2499,2500,2501,100,5,0,0,0,0,0,10,0,0,0,0,0,0,0,0,70415.54766845703,190940.0908203125,0,404327403520,8589930496,5738803200,114688
9,1791555963131,2500,2499,2500,2500,2499,2499,2500,2499,2499,2499,2500,2500,2499,2499,2500,2501,100,5,0,0,0,0,0,10,0,0,0,0,0,0,0,0,70415.72088623047,190940.478515625,0,404327403520,8589930496,5755158528,114688
9,1791555963141,2500,2499,2500,2500,2499,2499,2500,2499,2499,2499,2500,2500,2499,2499,2500,2501,100,5,0,0,0,0,0,10,0,0,0,0,0,0,0,0,70415.89904785156,190940.8653564453,0,404327403520,8589930496,5763584000,114688
9,1791555963151,2500,2499,2500,2500,2499,2499,2500,2499,2499,2499,2500,2500,2499,2499,2500,2501,100,5,0,0,0,0,0,10,0,0,0,0,0,0,0,0,70416.08044433594,190941.25360107422,0,404327403520,8589930496,5771513856,114688
9,1791555963161,2500,2499,2500,2500,2499,2499,2500,2499,2499,2499,2500,2500,2499,2499,2500,2501,100,5,0,0,0,0,0,10,0,0,0,0,0,0,0,0,70416.2846069336,190941.64807128906,0,404327403520,8589930496,5771513856,114688
9,1791555963171,2500,2499,2500,2500,2499,2499,2500,2499,2499,2499,2500,2500,2499,2499,2500,2501,100,5,0,0,0,0,0,10,0,0,0,0,0,0,0,0,70416.48699951172,190942.044921875,0,404327403520,8589930496,5771513856,114688
9,1791555963181,2500,2499,2500,2500,2499,2499,2500,2499,2499,2499,2500,2500,2499,2499,2500,2501,100,5,0,0,0,0,0,10,0,0,0,0,0,0,0,0,70416.68933105469,190942.43994140625,0,404327403520,8589930496,5771681792,114688
9,1791555963192,2500,2499,2500,2500,2499,2499,2500,2499,2499,2499,2500,2500,2499,2499,2500,2501,100,5,0,0,0,0,0,10,0,0,0,0,0,0,0,0,70416.89587402344,190942.83374023438,0,404327403520,8589930496,5771681792,114688
9,1791555963202,2500,2499,2500,2500,2499,2499,2500,2499,2499,2499,2500,2500,2499,2499,2500,2501,100,5,0,0,0,0,0,10,0,0,0,0,0,0,0,0,70417.09478759766,190943.22833251953,0,404327403520,8589930496,5771681792,114688
9,1791555963212,2500,2499,2500,2500,2499,2499,2500,2499,2499,2499,2500,2500,2499,2499,2500,2501,100,5,0,0,0,0,0,10,0,0,0,0,0,0,0,0,70417.29162597656,190943.62518310547,0,404327403520,8589930496,5771681792,114688
10,1791555963222,2500,2499,2500,2500,2499,2499,2500,2499,2499,2499,2500,2500,2499,2499,2500,2501,100,5,0,0,0,0,0,10,0,0,0,0,0,0,0,0,70417.49383544922,190944.0184326172,0,404327403520,8589930496,5771681792,114688
9,1791555963232,2500,2499,2500,2500,2499,2499,2500,2499,2499,2499,2500,2500,2499,2499,2500,2501,100,5,0,0,0,0,0,10,0,0,0,0,0,0,0,0,70417.69274902344,190944.4130859375,0,404327403520,8589930496,5771681792,114688
9,1791555963242,2500,2499,2500,2500,2499,2499,2500,2499,2499,2499,2500,2500,2499,2499,2500,2501,100,5,0,0,0,0,0,10,0,0,0,0,0,0,0,0,70417.8916015625,190944.80975341797,0,404327403520,8589930496,5771681792,114688
9,1791555963252,2500,2499,2500,2500,2499,2499,2500,2499,2499,2499,2500,2500,2499,2499,2500,2501,100,5,0,0,0,0,0,10,0,0,0,0,0,0,0,0,70418.11193847656,190945.24383544922,0,404327403520,8589930496,5771681792,114688
9,1791555963262,2500,2499,2500,2500,2499,2499,2500,2499,2499,2499,2500,2500,2499,2499,2500,2501,100,5,0,0,0,0,0,10,0,0,0,0,0,0,0,0,70418.29779052734,190945.59790039063,0,404327403520,8589930496,5771681792,114688
9,1791555963272,2500,2499,2500,2500,2499,2499,2500,2499,2499,2499,2500,2500,2499,2499,2500,2501,100,5,0,0,0,0,0,10,0,0,0,0,0,0,0,0,70418.5219116211,190946.03399658203,0,404327403520,8589930496,5771681792,114688
9,1791555963282,2500,2499,2500,2500,2499,2499,2500,2499,2499,2499,2500,2500,2499,2499,2500,2501,100,5,0,0,0,0,0,10,0,0,0,0,0,0,0,0,70418.71978759766,190946.42596435547,0,404327403520,8589930496,5771681792,114688
9,1791555963292,2500,2499,2500,2500,2499,2499,2500,2499,2499,2499,2500,2500,2499,2499,2500,2501,100,0,10,5,0,0,0,5.263157844543457,0,0,0,0,0,0,0,5.263157844543457,70418.92138671875,190946.82196044922,0,404327403520,8589930496,5771681792,114688
10,1791555963302,2500,2499,2500,2500,2499,2499,2500,2499,2499,2499,2500,2500,2499,2499,2500,2501,100,0,10,5,0,0,0,5.263157844543457,0,0,0,0,0,0,0,5.263157844543457,70419.11657714844,190947.21740722656,0,404327403520,8589930496,5771681792,114688
9,1791555963312,2500,2499,2500,2500,2499,2499,2500,2499,2499,2499,2500,2500,2499,2499,2500,2501,100,0,10,5,0,0,0,5.263157844543457,0,0,0,0,0,0,0,5.263157844543457,70419.31524658203,190947.61114501953,0,404327403520,8589930496,5771681792,114688
9,1791555963322,2500,2499,2500,2500,2499,2499,2500,2499,2499,2499,2500,2500,2499,2499,2500,2501,100,0,10,5,0,0,0,5.263157844543457,0,0,0,0,0,0,0,5.263157844543457,70419.51690673828,190948.0073852539,0,404327403520,8589930496,5771681792,114688
9,1791555963332,2500,2499,2500,2500,2499,2499,2500,2499,2499,2499,2500,2500,2499,2499,2500,2501,100,0,10,5,0,0,0,5.263157844543457,0,0,0,0,0,0,0,5.263157844543457,70419.71752929688,190948.40338134766,0,404327403520,8589930496,5771681792,114688
10,1791555963343,2500,2499,2500,2500,2499,2499,2500,2499,2499,2499,2500,2500,2499,2499,2500,2501,100,0,10,5,0,0,0,5.263157844543457,0,0,0,0,0,0,0,5.263157844543457,70419.9213256836,190948.79754638672,0,404327403520,8589930496,5771681792,114688
9,1791555963353,2500,2499,2500,2500,2499,2499,2500,2499,2499,2499,2500,2500,2499,2499,2500,2501,100,0,10,5,0,0,0,5.263157844543457,0,0,0,0,0,0,0,5.263157844543457,70420.12506103516,190949.19464111328,0,404327403520,8589930496,5771681792,114688
10,1791555963363,2500,2499,2500,2500,2499,2499,2500,2499,2499,2499,2500,2500,2499,2499,2500,2501,100,0,10,5,0,0,0,5.263157844543457,0,0,0,0,0,0,0,5.263157844543457,70420.32525634766,190949.5869140625,0,404327403520,8589930496,5771681792,114688
9,1791555963373,2500,2499,2500,2500,2499,2499,2500,2499,2499,2499,2500,2500,2499,2499,2500,2501,100,0,10,5,0,0,0,5.263157844543457,0,0,0,0,0,0,0,5.263157844543457,70420.52661132813,190949.98291015625,0,404327403520,8589930496,5771681792,114688
9,1791555963383,2500,2499,2500,2500,2499,2499,2500,2499,2499,2499,2500,2500,2499,2499,2500,2501,100,0,10,5,0,0,0,5.263157844543457,0,0,0,0,0,0,0,5.263157844543457,70420.73443603516,190950.3783569336,0,404327403520,8589930496,5771681792,114688
9,1791555963393,2500,2499,2500,2500,2499,2499,2500,2499,2499,2499,2500,2500,2499,2499,2500,2501,100,0,10,5,0,0,0,5.263157844543457,0,0,0,0,0,0,0,5.263157844543457,70420.93591308594,190950.7748413086,0,404327403520,8589930496,5771681792,114688
9,1791555963403,2500,2499,2500,2500,2499,2499,2500,2499,2499,2499,2500,2500,2499,2499,2500,2501,100,0,10,5,0,0,0,5.263157844543457,0,0,0,0,0,0,0,5.263157844543457,70421.13647460938,190951.17138671875,0,404327403520,8589930496,5771681792,114688
9,1791555963413,2500,2499,2500,2500,2499,2499,2500,2499,2499,2499,2500,2500,2499,2499,2500,2501,100,0,10,5,0,0,0,5.263157844543457,0,0,0,0,0,0,0,5.263157844543457,70421.33514404297,190951.56420898438,0,404327403520,8589930496,5771681792,114688
9,1791555963423,2500,2499,2500,2500,2499,2499,2500,2499,2499,2499,2500,2500,2499,2499,2500,2501,100,0,10,5,0,0,0,5.263157844543457,0,0,0,0,0,0,0,5.263157844543457,70421.53564453125,190951.95904541016,0,404327403520,8589930496,5771681792,114688
9,1791555963433,2500,2499,2500,2500,2499,2499,2500,2499,2499,2499,2500,2500,2499,2499,2500,2501,100,0,10,5,0,0,0,5.263157844543457,0,0,0,0,0,0,0,5.263157844543457,70421.76153564453,190952.39392089844,0,404327403520,8589930496,5771681792,114688
9,1791555963443,2500,2499,2500,2500,2499,2499,2500,2499,2499,2499,2500,2500,2499,2499,2500,2501,100,0,10,5,0,0,0,5.263157844543457,0,0,0,0,0,0,0,5.263157844543457,70421.96594238281,190952.78985595703,0,404327403520,8589930496,5771681792,114688
10,1791555963453,2500,2499,2500,2500,2499,2499,2500,2499,2499,2499,2500,2500,2499,2499,2500,2501,100,0,10,5,0,0,0,5.263157844543457,0,0,0,0,0,0,0,5.263157844543457,70422.16979980469,190953.18420410156,0,404327403520,8589930496,5771681792,114688
9,1791555963463,2500,2499,2500,2500,2499,2499,2500,2499,2499,2499,2500,2500,2499,2499,2500,2501,100,0,10,5,0,0,0,5.263157844543457,0,0,0,0,0,0,0,5.263157844543457,70422.37268066406,190953.57611083984,0,404327403520,8589930496,5771681792,114688
9,1791555963473,2500,2499,2500,2500,2499,2499,2500,2499,2499,2499,2500,2500,2499,2499,2500,2501,100,0,10,5,0,0,0,5.263157844543457,0,0,0,0,0,0,0,5.263157844543457,70422.57373046875,190953.97357177734,0,404327403520,8589930496,5771681792,114688
10,1791555963484,2500,2499,2500,2500,2499,2499,2500,2499,2499,2499,2500,2500,2499,2499,2500,2501,100,0,10,5,0,0,0,5.263157844543457,0,0,0,0,0,0,0,5.263157844543457,70422.7744140625,190954.36785888672,0,404327403520,8589930496,5771681792,114688
10,1791555963494,2500,2499,2500,2500,2499,2499,2500,2499,2499,2499,2500,2500,2499,2499,2500,2501,100,0,0,0,0,0,0,5.263157844543457,0,0,0,0,0,0,0,0,70422.9789428711,190954.76263427734,0,404327403520,8589930496,5771681792,114688
9,1791555963504,2500,2499,2500,2500,2499,2499,2500,2499,2499,2499,2500,2500,2499,2499,2500,2501,100,0,0,0,0,0,0,5.263157844543457,0,0,0,0,0,0,0,0,70423.17877197266,190955.1593017578,0,404327403520,8589930496,5771681792,114688
9,1791555963514,2500,2499,2500,2500,2499,2499,2500,2499,2499,2499,2500,2500,2499,2499,2500,2501,100,0,0,0,0,0,0,5.263157844543457,0,0,0,0,0,0,0,0,70423.37817382813,190955.55419921875,0,404327403520,8589930496,5771681792,114688
10,1791555963524,2500,2499,2500,2500,2499,2499,2500,2499,2499,2499,2500,2500,2499,2499,2500,2501,100,0,0,0,0,0,0,5.263157844543457,0,0,0,0,0,0,0,0,70423.578125,190955.94885253906,0,404327403520,8589930496,5771681792,114688
9,1791555963534,2500,2499,2500,2500,2499,2499,2500,2499,2499,2499,2500,2500,2499,2499,2500,2501,100,0,0,0,0,0,0,5.263157844543457,0,0,0,0,0,0,0,0,70423.77697753906,190956.34509277344,0,404327403520,8589930496,5771681792,114688
9,1791555963544,2500,2499,2500,2500,2499,2499,2500,2499,2499,2499,2500,2500,2499,2499,2500,2501,100,0,0,0,0,0,0,5.263157844543457,0,0,0,0,0,0,0,0,70423.98168945313,190956.7401123047,0,404327403520,8589930496,5771681792,114688
9,1791555963554,2500,2499,2500,2500,2499,2499,2500,2499,2499,2499,2500,2500,2499,2499,2500,2501,100,0,0,0,0,0,0,5.263157844543457,0,0,0,0,0,0,0,0,70424.18438720703,190957.13500976563,0,404327403520,8589930496,5771681792,114688
10,1791555963564,2500,2499,2500,2500,2499,2499,2500,2499,2499,2499,2500,2500,2499,2499,2500,2501,100,0,0,0,0,0,0,5.263157844543457,0,0,0,0,0,0,0,0,70424.3871459961,190957.5303955078,0,404327403520,8589930496,5771681792,114688
9,1791555963574,2500,2499,2500,2500,2499,2499,2500,2499,2499,2499,2500,2500,2499,2499,2500,2501,100,0,0,0,0,0,0,5.263157844543457,0,0,0,0,0,0,0,0,70424.59033203125,190957.92578125,0,404327403520,8589930496,5771681792,114688
10,1791555963584,2500,2499,2500,2500,2499,2499,2500,2499,2499,2499,2500,2500,2499,2499,2500,2501,100,0,0,0,0,0,0,5.263157844543457,0,0,0,0,0,0,0,0,70424.79864501953,190958.3204345703,0,404327403520,8589930496,5771681792,114688
10,1791555963594,2500,2499,2500,2500,2499,2499,2500,2499,2499,2499,2500,2500,2499,2499,2500,2501,100,0,0,0,0,0,0,5.263157844543457,0,0,0,0,0,0,0,0,70425.00372314453,190958.71759033203,0,404327403520,8589930496,5771681792,114688
10,1791555963604,2500,2499,2500,2500,2499,2499,2500,2499,2499,2499,2500,2500,2499,2499,2500,2501,100,0,0,0,0,0,0,5.263157844543457,0,0,0,0,0,0,0,0,70425.22369384766,190959.15301513672,0,404327403520,8589930496,5771681792,114688
9,1791555963615,2500,2499,2500,2500,2499,2499,2500,2499,2499,2499,2500,2500,2499,2499,2500,2501,100,0,0,0,0,0,0,5.263157844543457,0,0,0,0,0,0,0,0,70425.42584228516,190959.54888916016,0,404327403520,8589930496,5771681792,114688
9,1791555963625,2500,2499,2500,2500,2499,2499,2500,2499,2499,2499,2500,2500,2499,2499,2500,2501,100,0,0,0,0,0,0,5.263157844543457,0,0,0,0,0,0,0,0,70425.62591552734,190959.94329833984,0,404327403520,8589930496,5771681792,114688
10,1791555963635,2500,2499,2500,2500,2499,2499,2500,2499,2499,2499,2500,2500,2499,2499,2500,2501,100,0,0,0,0,0,0,5.263157844543457,0,0,0,0,0,0,0,0,70425.82537841797,190960.33947753906,0,404327403520,8589930496,5771681792,114688
10,1791555963645,2500,2499,2500,2500,2499,2499,2500,2499,2499,2499,2500,2500,2499,2499,2500,2501,100,0,0,0,0,0,0,5.263157844543457,0,0,0,0,0,0,0,0,70426.03637695313,190960.7335205078,0,404327403520,8589930496,5771681792,114688
9,1791555963655,2500,2499,2500,2500,2499,2499,2500,2499,2499,2499,2500,2500,2499,2499,2500,2501,100,0,0,0,0,0,0,5.263157844543457,0,0,0,0,0,0,0,0,70426.23663330078,190961.13012695313,0,404327403520,8589930496,5771681792,114688
9,1791555963665,2500,2499,2500,2500,2499,2499,2500,2499,2499,2499,2500,2500,2499,2499,2500,2501,100,0,0,0,0,0,0,5.263157844543457,0,0,0,0,0,0,0,0,70426.43530273438,190961.52508544922,0,404327403520,8589930496,5771681792,114688
9,1791555963675,2500,2499,2500,2500,2499,2499,2500,2499,2499,2499,2500,2500,2499,2499,2500,2501,100,0,0,0,0,0,0,5.263157844543457,0,0,0,0,0,0,0,0,70426.60552978516,190961.90216064453,0,404327403520,8589930496,5771681792,114688
9,1791555963685,2500,2499,2500,2500,2499,2499,2500,2499,2499,2499,2500,2500,2499,2499,2500,2501,100,0,0,0,0,0,0,5.263157844543457,0,0,0,0,0,0,0,0,70426.76647949219,190962.2781982422,0,404327403520,8589930496,5771681792,114688
10,1791555963695,2500,2499,2500,2500,2499,2499,2500,2499,2499,2499,2500,2500,2499,2499,2500,2501,100,0,0,5,0,0,0,5.555555820465088,0,0,0,0,0,0,0,0,70426.92614746094,190962.65838623047,0,404327403520,8589930496,5771681792,114688
9,1791555963705,2500,2499,2500,2500,2499,2499,2500,2499,2499,2499,2500,2500,2499,2499,2500,2501,100,0,0,5,0,0,0,5.555555820465088,0,0,0,0,0,0,0,0,70427.08129882813,190963.0278930664,0,404327403520,8589930496,5771681792,114688
9,1791555963715,2500,2499,2500,2500,2499,2499,2500,2499,2499,2499,2500,2500,2499,2499,2500,2501,100,0,0,5,0,0,0,5.555555820465088,0,0,0,0,0,0,0,0,70427.24896240234,190963.40350341797,0,404327403520,8589930496,5716172800,114688
0,1791555963725,2500,2499,2500,2500,2499,2499,2500,2499,2499,2499,2500,2500,2499,2499,2500,2501,100,0,0,5,0,0,0,5.555555820465088,0,0,0,0,0,0,0,0,70427.40753173828,190963.76202392578,0,404327403520,8589930496,5711712256,114688
